
insert into Transaksi values(
'1011','18-01-2019','204.000','01021'
);
insert into Transaksi values(
'1012','19-01-2019','252.000','01022'
);
insert into Transaksi values(
'1013','20-01-2019','522.000','01023'
);
insert into Transaksi values(
'1014','22-01-2019','372.000','01024'
);
insert into Transaksi values(
'1015','23_01_2019','162.000','01025'
);




insert into Barang values(
'1041','Kain Batik','Kain','40.000','1051'
);
insert into Barang values(
'1042','Keris Mpu Gandring','Keris','150.000','1052'
);
insert into Barang values(
'1043','Kemeja Batik','Pakaian','70.000','1053'
);
insert into Barang values(
'1044','Kain Songket','Kain','110.000','1054'
);
insert into Barang values(
'1045','Keris Kujang','Keris','130.000','1055'
);





 insert into Pengiriman values(
'1051','19-01-2019','JNE','22.000'
);
insert into Pengiriman values(
'1052','20-01-2019','JNE','14.000'
);
insert into Pengiriman values(
'1053','21-01-2019','TIKI','12.000'
);
insert into Pengiriman values(
'1054','23-01-2019','TIKI','14.000'
);
insert into Pengiriman values(
'1055','24-01-2019','TIKI','22.000'
);




insert into Pembeli values(
'01021','Nurlaela Perry','N_perry','Nperry789','perry@gmail.com','Jakarta','Jl. Setiabudi','084213123223'
);
insert into Pembeli values(
'01022','Andika Bagas','Andika18','Bagasa01','andikab@gmail.com','Bandung','Jl. Riau','081348901199'
);
insert into Pembeli values(
'01023','Belly Nursidah','Nursidah01','Maafku1818','Belly91@gmail.com','Bandung','Jl. Buahbatu','085789238472'
);
insert into Pembeli values(
'01024','Maman Rahman','Maman_12','Akutau20','Mamanr19@gmail.com','Majalengka','Jl. Jatiwangi','089090129811'
);
insert into Pembeli values(
'01025','Udin Muhidin','Udin123','Muhudin18','uds123@gmail.com','Makasar','Jl. Pahlawan','083891983576'

);



insert into Beli values(
'1091','01021','1041','2','190.000'
);
insert into Beli values(
'1092','01022','1042','4','240.000'
);
insert into Beli values(
'1093','01023','1043','5','500.000'
);
insert into Beli values(
'1094','01024','1044','3','350.000'
);
insert into Beli values(
'1095','01025','1045','1','150.000'
);
